-- Демо-данные. Пароли: patient123 | doctor123 | admin123
-- Визиты без заявки — врач внёс приём напрямую.
-- Заявки — отдельный поток записи пациента (pending / approved / rejected).

-- ========== Врачи и админ ==========
INSERT INTO users (id, email, password_hash, full_name, birth_date, phone, role, specialty) VALUES
    ('a0000000-0000-4000-8000-000000000002', 'doctor@pulse.ru',
     '$2a$10$FPDJwhIFAJsI580XQE/HHukcF7c2G4vM.RHIsG.jX1kxhb/zSq9V2',
     'Петров Алексей Николаевич', '1985-07-22', '+7 (999) 222-22-22', 'doctor', 'Терапевт'),
    ('a0000000-0000-4000-8000-000000000008', 'therapist2@pulse.ru',
     '$2a$10$FPDJwhIFAJsI580XQE/HHukcF7c2G4vM.RHIsG.jX1kxhb/zSq9V2',
     'Волкова Мария Сергеевна', '1988-09-14', '+7 (999) 777-77-77', 'doctor', 'Терапевт'),
    ('a0000000-0000-4000-8000-000000000007', 'doctor2@pulse.ru',
     '$2a$10$FPDJwhIFAJsI580XQE/HHukcF7c2G4vM.RHIsG.jX1kxhb/zSq9V2',
     'Сидоров Пётр Иванович', '1982-04-18', '+7 (999) 666-66-66', 'doctor', 'Кардиолог'),
    ('a0000000-0000-4000-8000-000000000009', 'neuro@pulse.ru',
     '$2a$10$FPDJwhIFAJsI580XQE/HHukcF7c2G4vM.RHIsG.jX1kxhb/zSq9V2',
     'Кузнецова Елена Андреевна', '1986-02-03', '+7 (999) 888-88-88', 'doctor', 'Невролог'),
    ('a0000000-0000-4000-8000-00000000000a', 'derma@pulse.ru',
     '$2a$10$FPDJwhIFAJsI580XQE/HHukcF7c2G4vM.RHIsG.jX1kxhb/zSq9V2',
     'Морозов Игорь Владимирович', '1979-11-20', '+7 (999) 999-99-99', 'doctor', 'Дерматолог'),
    ('a0000000-0000-4000-8000-00000000000b', 'endo@pulse.ru',
     '$2a$10$FPDJwhIFAJsI580XQE/HHukcF7c2G4vM.RHIsG.jX1kxhb/zSq9V2',
     'Лебедева Ольга Петровна', '1984-06-11', '+7 (999) 101-01-01', 'doctor', 'Эндокринолог'),
    ('a0000000-0000-4000-8000-00000000000c', 'surgeon@pulse.ru',
     '$2a$10$FPDJwhIFAJsI580XQE/HHukcF7c2G4vM.RHIsG.jX1kxhb/zSq9V2',
     'Никитин Сергей Олегович', '1981-08-30', '+7 (999) 202-02-02', 'doctor', 'Хирург'),
    ('a0000000-0000-4000-8000-00000000000d', 'pediatric@pulse.ru',
     '$2a$10$FPDJwhIFAJsI580XQE/HHukcF7c2G4vM.RHIsG.jX1kxhb/zSq9V2',
     'Соколова Анна Дмитриевна', '1990-01-25', '+7 (999) 303-03-03', 'doctor', 'Педиатр');

INSERT INTO users (id, email, password_hash, full_name, birth_date, phone, role) VALUES
    ('a0000000-0000-4000-8000-000000000003', 'admin@pulse.ru',
     '$2a$10$IQQR6DbyeUGoRE2aTtSmreXOS.GZvSp7bEoJqVvRxgPbM3K28MxMq',
     'Смирнова Елена Викторовна', '1980-01-15', '+7 (999) 333-33-33', 'admin');

-- ========== Пациенты ==========
INSERT INTO users (id, email, password_hash, full_name, birth_date, phone, role, assigned_doctor_id) VALUES
    ('a0000000-0000-4000-8000-000000000001', 'patient@pulse.ru',
     '$2a$10$eb7vv/zRDgaytvZmC2Q.g.D19BKIGBSnea6z7dvo24lj1GiwvvRCi',
     'Иванова Анна Сергеевна', '1990-03-12', '+7 (999) 111-11-11', 'patient',
     'a0000000-0000-4000-8000-000000000002'),
    ('a0000000-0000-4000-8000-000000000004', 'patient2@pulse.ru',
     '$2a$10$eb7vv/zRDgaytvZmC2Q.g.D19BKIGBSnea6z7dvo24lj1GiwvvRCi',
     'Григорьев Андрей Иванович', '1990-03-12', '+7 (999) 123-45-67', 'patient',
     'a0000000-0000-4000-8000-000000000002'),
    ('a0000000-0000-4000-8000-000000000005', 'patient3@pulse.ru',
     '$2a$10$eb7vv/zRDgaytvZmC2Q.g.D19BKIGBSnea6z7dvo24lj1GiwvvRCi',
     'Иванов Иван Иванович', '1990-03-12', '+7 (999) 444-44-44', 'patient',
     'a0000000-0000-4000-8000-000000000008'),
    ('a0000000-0000-4000-8000-000000000006', 'patient4@pulse.ru',
     '$2a$10$eb7vv/zRDgaytvZmC2Q.g.D19BKIGBSnea6z7dvo24lj1GiwvvRCi',
     'Козлов Дмитрий Петрович', '1978-11-05', '+7 (999) 555-55-55', 'patient',
     'a0000000-0000-4000-8000-000000000002');

-- ========== Справочник МКБ ==========
INSERT INTO disease_catalog (id, name, code) VALUES
    ('c0000000-0000-4000-8000-000000000001', 'Гипертония', 'I10'),
    ('c0000000-0000-4000-8000-000000000002', 'Сахарный диабет 2 типа', 'E11'),
    ('c0000000-0000-4000-8000-000000000003', 'Бронхиальная астма', 'J45'),
    ('c0000000-0000-4000-8000-000000000004', 'Ишемическая болезнь сердца', 'I25'),
    ('c0000000-0000-4000-8000-000000000005', 'Гастрит', 'K29'),
    ('c0000000-0000-4000-8000-000000000006', 'Остеохондроз', 'M42'),
    ('c0000000-0000-4000-8000-000000000007', 'Мигрень', 'G43'),
    ('c0000000-0000-4000-8000-000000000008', 'Анемия', 'D50'),
    ('c0000000-0000-4000-8000-000000000009', 'Пневмония', 'J18'),
    ('c0000000-0000-4000-8000-00000000000a', 'Цистит', 'N30'),
    ('c0000000-0000-4000-8000-00000000000b', 'Аллергический ринит', 'J30'),
    ('c0000000-0000-4000-8000-00000000000c', 'Варикозное расширение вен', 'I83');

-- ========== Иванова — терапевт Петров ==========
INSERT INTO patient_diseases (patient_id, catalog_id, name, code, diagnosed_at) VALUES
    ('a0000000-0000-4000-8000-000000000001', 'c0000000-0000-4000-8000-000000000001', 'Гипертония', 'I10', '2024-01-15'),
    ('a0000000-0000-4000-8000-000000000001', 'c0000000-0000-4000-8000-000000000008', 'Анемия', 'D50', '2023-09-10');

INSERT INTO patient_analyses (patient_id, type, result, analysis_date) VALUES
    ('a0000000-0000-4000-8000-000000000001', 'Гемоглобин', '118 г/л (снижен)', '2026-04-02'),
    ('a0000000-0000-4000-8000-000000000001', 'АД (суточный мониторинг)', '135/85 мм рт.ст.', '2026-05-08'),
    ('a0000000-0000-4000-8000-000000000001', 'ОАК', 'Без отклонений', '2026-04-02');

INSERT INTO patient_visits (patient_id, visit_date, doctor_name, conducting_doctor_id, notes) VALUES
    ('a0000000-0000-4000-8000-000000000001', '2026-05-08', 'Петров А.Н.', 'a0000000-0000-4000-8000-000000000002',
     'Контроль АД, продолжена терапия эналаприлом.'),
    ('a0000000-0000-4000-8000-000000000001', '2026-02-12', 'Петров А.Н.', 'a0000000-0000-4000-8000-000000000002',
     'Плановый осмотр терапевта, жалоб нет.'),
    ('a0000000-0000-4000-8000-000000000001', '2025-09-20', 'Сидоров П.И.', 'a0000000-0000-4000-8000-000000000007',
     'Консультация кардиолога по поводу АД.'),
    ('a0000000-0000-4000-8000-000000000001', '2025-08-12', 'Морозов И.В.', 'a0000000-0000-4000-8000-00000000000a',
     'Осмотр кожных покровов, рекомендован местный уход.');

INSERT INTO patient_prescriptions (patient_id, drug, dosage, duration, visit_date) VALUES
    ('a0000000-0000-4000-8000-000000000001', 'Эналаприл', '10 мг 1 раз в день', '30 дней', '2026-05-08'),
    ('a0000000-0000-4000-8000-000000000001', 'Железа сульфат', '325 мг', '60 дней', '2026-02-12');

-- ========== Григорьев — терапевт Петров ==========
INSERT INTO patient_diseases (patient_id, catalog_id, name, code, diagnosed_at) VALUES
    ('a0000000-0000-4000-8000-000000000004', 'c0000000-0000-4000-8000-000000000001', 'Гипертония', 'I10', '2023-08-01'),
    ('a0000000-0000-4000-8000-000000000004', 'c0000000-0000-4000-8000-000000000002', 'Сахарный диабет 2 типа', 'E11', '2022-11-15');

INSERT INTO patient_analyses (patient_id, type, result, analysis_date) VALUES
    ('a0000000-0000-4000-8000-000000000004', 'Глюкоза натощак', '5.8 ммоль/л', '2026-05-10'),
    ('a0000000-0000-4000-8000-000000000004', 'HbA1c', '6.4 %', '2026-05-10'),
    ('a0000000-0000-4000-8000-000000000004', 'ОАК', 'В пределах нормы', '2026-04-15');

INSERT INTO patient_visits (patient_id, visit_date, doctor_name, conducting_doctor_id, notes) VALUES
    ('a0000000-0000-4000-8000-000000000004', '2026-05-10', 'Петров А.Н.', 'a0000000-0000-4000-8000-000000000002',
     'Контроль АД и сахара, коррекция терапии.'),
    ('a0000000-0000-4000-8000-000000000004', '2026-02-12', 'Петров А.Н.', 'a0000000-0000-4000-8000-000000000002',
     'Диспансерный приём терапевта.'),
    ('a0000000-0000-4000-8000-000000000004', '2025-12-03', 'Сидоров П.И.', 'a0000000-0000-4000-8000-000000000007',
     'Кардиолог: оценка сердечно-сосудистого риска.');

INSERT INTO patient_prescriptions (patient_id, drug, dosage, duration, visit_date) VALUES
    ('a0000000-0000-4000-8000-000000000004', 'Эналаприл', '10 мг', '30 дней', '2026-05-10'),
    ('a0000000-0000-4000-8000-000000000004', 'Метформин', '500 мг 2 раза в день', '90 дней', '2026-05-10');

-- Визит по одобренной заявке (пациент записался через систему)
INSERT INTO patient_visits (id, patient_id, visit_date, doctor_name, conducting_doctor_id, notes) VALUES
    ('b0000000-0000-4000-8000-000000000001', 'a0000000-0000-4000-8000-000000000004', '2026-06-05', 'Петров А.Н.',
     'a0000000-0000-4000-8000-000000000002', 'Приём по заявке: контроль АД и сахара.');

-- ========== Иванов — терапевт Волкова ==========
INSERT INTO patient_diseases (patient_id, catalog_id, name, code, diagnosed_at) VALUES
    ('a0000000-0000-4000-8000-000000000005', 'c0000000-0000-4000-8000-000000000005', 'Гастрит', 'K29', '2025-03-20');

INSERT INTO patient_analyses (patient_id, type, result, analysis_date) VALUES
    ('a0000000-0000-4000-8000-000000000005', 'Биохимия крови', 'Без отклонений', '2026-03-10'),
    ('a0000000-0000-4000-8000-000000000005', 'Helicobacter pylori', 'Отрицательно', '2026-03-10');

INSERT INTO patient_visits (patient_id, visit_date, doctor_name, conducting_doctor_id, notes) VALUES
    ('a0000000-0000-4000-8000-000000000005', '2026-03-15', 'Волкова М.С.', 'a0000000-0000-4000-8000-000000000008',
     'Жалобы на изжогу, назначена диета и ИПП.'),
    ('a0000000-0000-4000-8000-000000000005', '2025-11-01', 'Волкова М.С.', 'a0000000-0000-4000-8000-000000000008',
     'Первичный приём, подозрение на гастрит.');

INSERT INTO patient_prescriptions (patient_id, drug, dosage, duration, visit_date) VALUES
    ('a0000000-0000-4000-8000-000000000005', 'Омепразол', '20 мг утром', '14 дней', '2026-03-15');

-- ========== Козлов — терапевт Петров, кардиолог Сидоров ==========
INSERT INTO patient_diseases (patient_id, catalog_id, name, code, diagnosed_at) VALUES
    ('a0000000-0000-4000-8000-000000000006', 'c0000000-0000-4000-8000-000000000004', 'Ишемическая болезнь сердца', 'I25', '2022-11-08'),
    ('a0000000-0000-4000-8000-000000000006', 'c0000000-0000-4000-8000-000000000006', 'Остеохондроз', 'M42', '2020-05-14');

INSERT INTO patient_analyses (patient_id, type, result, analysis_date) VALUES
    ('a0000000-0000-4000-8000-000000000006', 'Липидный профиль', 'Холестерин 6.2 ммоль/л (повышен)', '2026-01-20'),
    ('a0000000-0000-4000-8000-000000000006', 'ЭКГ', 'Ритм синусовый, без острой ишемии', '2026-01-20'),
    ('a0000000-0000-4000-8000-000000000006', 'Креатинин', '88 мкмоль/л (норма)', '2026-01-18');

INSERT INTO patient_visits (patient_id, visit_date, doctor_name, conducting_doctor_id, notes) VALUES
    ('a0000000-0000-4000-8000-000000000006', '2026-01-20', 'Сидоров П.И.', 'a0000000-0000-4000-8000-000000000007',
     'Кардиолог: коррекция гиполипидемической терапии.'),
    ('a0000000-0000-4000-8000-000000000006', '2025-10-05', 'Петров А.Н.', 'a0000000-0000-4000-8000-000000000002',
     'Терапевт: диспансерный осмотр, направление к кардиологу.'),
    ('a0000000-0000-4000-8000-000000000006', '2025-06-12', 'Петров А.Н.', 'a0000000-0000-4000-8000-000000000002',
     'Контроль хронических заболеваний.');

INSERT INTO patient_prescriptions (patient_id, drug, dosage, duration, visit_date) VALUES
    ('a0000000-0000-4000-8000-000000000006', 'Аторвастатин', '20 мг вечером', '90 дней', '2026-01-20'),
    ('a0000000-0000-4000-8000-000000000006', 'Аспирин', '100 мг', 'постоянно', '2026-01-20');

-- ========== Заявки на приём ==========
-- Ожидающие (визита ещё нет)
INSERT INTO appointment_requests (id, patient_id, doctor_id, requested_at, preferred_date, status, notes) VALUES
    ('d0000000-0000-4000-8000-000000000001', 'a0000000-0000-4000-8000-000000000001',
     'a0000000-0000-4000-8000-00000000000a', '2026-05-18 10:00:00+03', '2026-06-20', 'pending',
     'Высыпания на коже, повторный осмотр.'),
    ('d0000000-0000-4000-8000-000000000002', 'a0000000-0000-4000-8000-000000000006',
     'a0000000-0000-4000-8000-000000000007', '2026-05-19 14:30:00+03', '2026-06-25', 'pending',
     'Контроль липидного профиля после терапии.');

-- Одобренная → создан визит b000...001
INSERT INTO appointment_requests (id, patient_id, doctor_id, requested_at, preferred_date, status, notes, visit_id) VALUES
    ('d0000000-0000-4000-8000-000000000003', 'a0000000-0000-4000-8000-000000000004',
     'a0000000-0000-4000-8000-000000000002', '2026-05-28 09:00:00+03', '2026-06-05', 'approved',
     'Плановый контроль АД и сахара.', 'b0000000-0000-4000-8000-000000000001');

-- Отклонённая (визита нет)
INSERT INTO appointment_requests (id, patient_id, doctor_id, requested_at, preferred_date, status, notes) VALUES
    ('d0000000-0000-4000-8000-000000000004', 'a0000000-0000-4000-8000-000000000005',
     'a0000000-0000-4000-8000-000000000009', '2026-05-15 11:00:00+03', '2026-05-28', 'rejected',
     'Головные боли, прошу консультацию невролога.');
